{
    "accuracy": 0.9876434245366285,
    "precision_weighted": 0.9876434245366285,
    "recall_weighted": 0.9876434245366285,
    "f1_weighted": 0.9876434245366285
}